<?xml version = '1.0' encoding = 'UTF-8'?>
<Relation class="oracle.dbtools.crest.model.design.logical.Relation" name="Relation_14" directorySegmentName="seg_0" id="2BA7EDB3-FC14-93CF-7344-D95E653FF437">
<createdBy>Catalina</createdBy>
<createdTime>2024-09-24 22:09:26 UTC</createdTime>
<ownerDesignName>MundoMascotas</ownerDesignName>
<engineerTo>
<item key="37E94C02-A4B2-5915-BEDD-B1B282A163C0" value="true"/>
</engineerTo>
<sourcePk>6E136666-71E4-2628-393A-9AB9F81E5D98</sourcePk>
<identifying>true</identifying>
<optionalSource>true</optionalSource>
<optionalTarget>false</optionalTarget>
<sourceCardinality>1</sourceCardinality>
<sourceEntity>F79D17C1-DF5B-ECBB-5F5E-DB59F37B19E4</sourceEntity>
<targetCardinalityString>*</targetCardinalityString>
<targetEntity>27C97134-D7DB-3D52-D825-DE2E61E889F1</targetEntity>
<transferable>true</transferable>
<deleteRule>NO ACTION</deleteRule>
</Relation>