<?xml version = '1.0' encoding = 'UTF-8'?>
<Relation class="oracle.dbtools.crest.model.design.logical.Relation" name="Relation_29" directorySegmentName="seg_0" id="4C0B27D3-3102-AF56-6661-9C35D2FAC227">
<createdBy>Catalina</createdBy>
<createdTime>2024-09-24 22:41:03 UTC</createdTime>
<ownerDesignName>MundoMascotas</ownerDesignName>
<engineerTo>
<item key="37E94C02-A4B2-5915-BEDD-B1B282A163C0" value="true"/>
</engineerTo>
<identifying>false</identifying>
<optionalSource>true</optionalSource>
<optionalTarget>false</optionalTarget>
<sourceCardinality>1</sourceCardinality>
<sourceEntity>EA536AE7-07B7-B9E3-D503-34CCB3AFA9D9</sourceEntity>
<targetCardinalityString>*</targetCardinalityString>
<targetEntity>CF98C10D-5105-0B6B-4F33-1DAE5328D50C</targetEntity>
<transferable>true</transferable>
<deleteRule>NO ACTION</deleteRule>
</Relation>