<?xml version = '1.0' encoding = 'UTF-8'?>
<Relation class="oracle.dbtools.crest.model.design.logical.Relation" name="Relation_13" directorySegmentName="seg_0" id="8274F083-A2E0-F122-CA5C-C626F581DA90">
<createdBy>Catalina</createdBy>
<createdTime>2024-09-24 22:03:26 UTC</createdTime>
<ownerDesignName>MundoMascotas</ownerDesignName>
<engineerTo>
<item key="37E94C02-A4B2-5915-BEDD-B1B282A163C0" value="true"/>
</engineerTo>
<sourcePk>BEFB7EC6-C428-44FF-1330-5C82881CF8EB</sourcePk>
<identifying>false</identifying>
<optionalSource>true</optionalSource>
<optionalTarget>false</optionalTarget>
<sourceCardinality>1</sourceCardinality>
<sourceEntity>9D071174-071F-87DD-C470-08B08F6260AC</sourceEntity>
<targetCardinalityString>*</targetCardinalityString>
<targetEntity>43E03436-0EAB-B636-8185-BB5AB3B90DCB</targetEntity>
<transferable>true</transferable>
<deleteRule>NO ACTION</deleteRule>
</Relation>