<?xml version = '1.0' encoding = 'UTF-8'?>
<Relation class="oracle.dbtools.crest.model.design.logical.Relation" name="Relation_5" directorySegmentName="seg_0" id="8A73C4B9-F092-DA16-26CB-2CF139DFF189">
<createdBy>Catalina</createdBy>
<createdTime>2024-09-24 21:33:55 UTC</createdTime>
<ownerDesignName>MundoMascotas</ownerDesignName>
<engineerTo>
<item key="37E94C02-A4B2-5915-BEDD-B1B282A163C0" value="true"/>
</engineerTo>
<targetPk>6E136666-71E4-2628-393A-9AB9F81E5D98</targetPk>
<identifying>false</identifying>
<optionalSource>false</optionalSource>
<optionalTarget>false</optionalTarget>
<sourceCardinality>1</sourceCardinality>
<sourceEntity>A98BAC68-107A-A1AC-D3BD-0E98EDCED2A6</sourceEntity>
<targetCardinalityString>1</targetCardinalityString>
<targetEntity>F79D17C1-DF5B-ECBB-5F5E-DB59F37B19E4</targetEntity>
<transferable>true</transferable>
<deleteRule>NO ACTION</deleteRule>
</Relation>