<?xml version = '1.0' encoding = 'UTF-8'?>
<Relation class="oracle.dbtools.crest.model.design.logical.Relation" name="Relation_20" directorySegmentName="seg_0" id="8B833729-0781-57FF-CD41-0A931658B2BC">
<createdBy>Catalina</createdBy>
<createdTime>2024-09-24 22:27:59 UTC</createdTime>
<ownerDesignName>MundoMascotas</ownerDesignName>
<engineerTo>
<item key="37E94C02-A4B2-5915-BEDD-B1B282A163C0" value="true"/>
</engineerTo>
<sourcePk>7C27E17C-9158-5C18-7DB8-6FA9351E39CC</sourcePk>
<identifying>true</identifying>
<optionalSource>true</optionalSource>
<optionalTarget>false</optionalTarget>
<sourceCardinality>1</sourceCardinality>
<sourceEntity>F9F8878B-4371-6942-CD90-1ADC4460D545</sourceEntity>
<targetCardinalityString>*</targetCardinalityString>
<targetEntity>B5A0F599-0535-3681-8BF9-1B901574C6B8</targetEntity>
<transferable>true</transferable>
<deleteRule>NO ACTION</deleteRule>
</Relation>