<?xml version = '1.0' encoding = 'UTF-8'?>
<Relation class="oracle.dbtools.crest.model.design.logical.Relation" name="Relation_15" directorySegmentName="seg_0" id="8ED74778-42C8-090E-386D-8387FED94994">
<createdBy>Catalina</createdBy>
<createdTime>2024-09-24 22:14:26 UTC</createdTime>
<ownerDesignName>MundoMascotas</ownerDesignName>
<engineerTo>
<item key="37E94C02-A4B2-5915-BEDD-B1B282A163C0" value="true"/>
</engineerTo>
<sourcePk>DBE2DFEB-2FB7-C552-FF02-67F3C59ED4B6</sourcePk>
<identifying>false</identifying>
<optionalSource>true</optionalSource>
<optionalTarget>false</optionalTarget>
<sourceCardinality>1</sourceCardinality>
<sourceEntity>5D469A26-46DE-D481-368F-C057B617D069</sourceEntity>
<targetCardinalityString>*</targetCardinalityString>
<targetEntity>F9F8878B-4371-6942-CD90-1ADC4460D545</targetEntity>
<transferable>true</transferable>
<deleteRule>NO ACTION</deleteRule>
</Relation>