<?xml version = '1.0' encoding = 'UTF-8'?>
<Relation class="oracle.dbtools.crest.model.design.logical.Relation" name="Relation_30" directorySegmentName="seg_0" id="8F604EDE-20F8-050B-A79A-A3EB993F53FF">
<createdBy>Catalina</createdBy>
<createdTime>2024-09-24 22:45:02 UTC</createdTime>
<ownerDesignName>MundoMascotas</ownerDesignName>
<engineerTo>
<item key="37E94C02-A4B2-5915-BEDD-B1B282A163C0" value="true"/>
</engineerTo>
<sourcePk>A972DAA3-DDC2-3E59-F944-E9085CA5B962</sourcePk>
<identifying>true</identifying>
<optionalSource>true</optionalSource>
<optionalTarget>false</optionalTarget>
<sourceCardinality>1</sourceCardinality>
<sourceEntity>B5A0F599-0535-3681-8BF9-1B901574C6B8</sourceEntity>
<targetCardinalityString>*</targetCardinalityString>
<targetEntity>27C97134-D7DB-3D52-D825-DE2E61E889F1</targetEntity>
<transferable>true</transferable>
<deleteRule>NO ACTION</deleteRule>
</Relation>