<?xml version = '1.0' encoding = 'UTF-8'?>
<Relation class="oracle.dbtools.crest.model.design.logical.Relation" name="Relation_8" directorySegmentName="seg_0" id="948BFFE4-DD25-63F8-FB51-171DD40F7DD4">
<createdBy>Catalina</createdBy>
<createdTime>2024-09-24 21:48:56 UTC</createdTime>
<ownerDesignName>MundoMascotas</ownerDesignName>
<engineerTo>
<item key="37E94C02-A4B2-5915-BEDD-B1B282A163C0" value="true"/>
</engineerTo>
<sourcePk>6E136666-71E4-2628-393A-9AB9F81E5D98</sourcePk>
<identifying>false</identifying>
<optionalSource>true</optionalSource>
<optionalTarget>false</optionalTarget>
<sourceCardinality>1</sourceCardinality>
<sourceEntity>F79D17C1-DF5B-ECBB-5F5E-DB59F37B19E4</sourceEntity>
<targetCardinalityString>*</targetCardinalityString>
<targetEntity>9D071174-071F-87DD-C470-08B08F6260AC</targetEntity>
<transferable>true</transferable>
<deleteRule>NO ACTION</deleteRule>
</Relation>