<?xml version = '1.0' encoding = 'UTF-8'?>
<Relation class="oracle.dbtools.crest.model.design.logical.Relation" name="Relation_2" directorySegmentName="seg_0" id="A6D1DC74-8607-26EC-667B-89D66DB67836">
<createdBy>PAAPCA02LC0907</createdBy>
<createdTime>2024-09-24 12:39:03 UTC</createdTime>
<ownerDesignName>MundoMascotas</ownerDesignName>
<engineerTo>
<item key="37E94C02-A4B2-5915-BEDD-B1B282A163C0" value="true"/>
</engineerTo>
<sourcePk>DBE2DFEB-2FB7-C552-FF02-67F3C59ED4B6</sourcePk>
<identifying>false</identifying>
<optionalSource>false</optionalSource>
<optionalTarget>false</optionalTarget>
<sourceCardinality>1</sourceCardinality>
<sourceEntity>5D469A26-46DE-D481-368F-C057B617D069</sourceEntity>
<targetCardinalityString>*</targetCardinalityString>
<targetEntity>F79D17C1-DF5B-ECBB-5F5E-DB59F37B19E4</targetEntity>
<transferable>true</transferable>
<deleteRule>NO ACTION</deleteRule>
</Relation>