<?xml version = '1.0' encoding = 'UTF-8'?>
<Relation class="oracle.dbtools.crest.model.design.logical.Relation" name="Relation_18" directorySegmentName="seg_0" id="BCCD2D46-FBFE-D59E-E321-DC7E0617C5D7">
<createdBy>Catalina</createdBy>
<createdTime>2024-09-24 22:22:50 UTC</createdTime>
<ownerDesignName>MundoMascotas</ownerDesignName>
<engineerTo>
<item key="37E94C02-A4B2-5915-BEDD-B1B282A163C0" value="true"/>
</engineerTo>
<sourcePk>7C27E17C-9158-5C18-7DB8-6FA9351E39CC</sourcePk>
<identifying>false</identifying>
<optionalSource>true</optionalSource>
<optionalTarget>false</optionalTarget>
<sourceCardinality>1</sourceCardinality>
<sourceEntity>F9F8878B-4371-6942-CD90-1ADC4460D545</sourceEntity>
<targetCardinalityString>*</targetCardinalityString>
<targetEntity>4C8CD475-034E-656D-47F1-2C1FD9D0FAC8</targetEntity>
<transferable>true</transferable>
<deleteRule>NO ACTION</deleteRule>
</Relation>