<?xml version = '1.0' encoding = 'UTF-8'?>
<Relation class="oracle.dbtools.crest.model.design.logical.Relation" name="Relation_17" directorySegmentName="seg_0" id="EC06B46A-C725-269B-0565-04B2A4CA8D50">
<createdBy>Catalina</createdBy>
<createdTime>2024-09-24 22:19:25 UTC</createdTime>
<ownerDesignName>MundoMascotas</ownerDesignName>
<engineerTo>
<item key="37E94C02-A4B2-5915-BEDD-B1B282A163C0" value="true"/>
</engineerTo>
<sourcePk>7C27E17C-9158-5C18-7DB8-6FA9351E39CC</sourcePk>
<identifying>false</identifying>
<optionalSource>true</optionalSource>
<optionalTarget>false</optionalTarget>
<sourceCardinality>1</sourceCardinality>
<sourceEntity>F9F8878B-4371-6942-CD90-1ADC4460D545</sourceEntity>
<targetCardinalityString>*</targetCardinalityString>
<targetEntity>AEDCC265-F309-7377-20B6-EB89611DCA39</targetEntity>
<transferable>true</transferable>
<deleteRule>NO ACTION</deleteRule>
</Relation>