<?xml version = '1.0' encoding = 'UTF-8'?>
<Relation class="oracle.dbtools.crest.model.design.logical.Relation" name="Relation_1" directorySegmentName="seg_0" id="F58A8317-934F-5035-0B55-B89EFD8D7E93">
<createdBy>PAAPCA02LC0907</createdBy>
<createdTime>2024-09-24 12:38:58 UTC</createdTime>
<ownerDesignName>MundoMascotas</ownerDesignName>
<engineerTo>
<item key="37E94C02-A4B2-5915-BEDD-B1B282A163C0" value="true"/>
</engineerTo>
<sourcePk>35BE987A-47AB-2CC5-B989-167467667404</sourcePk>
<identifying>false</identifying>
<optionalSource>false</optionalSource>
<optionalTarget>false</optionalTarget>
<sourceCardinality>1</sourceCardinality>
<sourceEntity>61E0E74F-0698-0B57-DDB0-8CDB42173013</sourceEntity>
<targetCardinalityString>*</targetCardinalityString>
<targetEntity>5D469A26-46DE-D481-368F-C057B617D069</targetEntity>
<transferable>true</transferable>
<deleteRule>NO ACTION</deleteRule>
</Relation>