<?xml version = '1.0' encoding = 'UTF-8'?>
<Relation class="oracle.dbtools.crest.model.design.logical.Relation" name="Relation_22" directorySegmentName="seg_0" id="F68A5DA4-423C-AFF4-8CA7-738A40778BC7">
<createdBy>Catalina</createdBy>
<createdTime>2024-09-24 22:30:53 UTC</createdTime>
<ownerDesignName>MundoMascotas</ownerDesignName>
<engineerTo>
<item key="37E94C02-A4B2-5915-BEDD-B1B282A163C0" value="true"/>
</engineerTo>
<sourcePk>9F04EC22-472E-D912-EBA5-5947826D3E7A</sourcePk>
<identifying>true</identifying>
<optionalSource>true</optionalSource>
<optionalTarget>false</optionalTarget>
<sourceCardinality>1</sourceCardinality>
<sourceEntity>CF98C10D-5105-0B6B-4F33-1DAE5328D50C</sourceEntity>
<targetCardinalityString>*</targetCardinalityString>
<targetEntity>B5A0F599-0535-3681-8BF9-1B901574C6B8</targetEntity>
<transferable>true</transferable>
<deleteRule>NO ACTION</deleteRule>
</Relation>