<?xml version = '1.0' encoding = 'UTF-8'?>
<Relation class="oracle.dbtools.crest.model.design.logical.Relation" name="Relation_7" directorySegmentName="seg_0" id="F7E3A539-B3A8-7838-944F-A437241631A5">
<createdBy>Catalina</createdBy>
<createdTime>2024-09-24 21:42:21 UTC</createdTime>
<ownerDesignName>MundoMascotas</ownerDesignName>
<engineerTo>
<item key="37E94C02-A4B2-5915-BEDD-B1B282A163C0" value="true"/>
</engineerTo>
<sourcePk>BEFB7EC6-C428-44FF-1330-5C82881CF8EB</sourcePk>
<arc>D719F91E-F8C0-73E3-FE63-103ED9EFFA73</arc>
<identifying>false</identifying>
<optionalSource>true</optionalSource>
<optionalTarget>false</optionalTarget>
<sourceCardinality>1</sourceCardinality>
<sourceEntity>9D071174-071F-87DD-C470-08B08F6260AC</sourceEntity>
<targetCardinalityString>1</targetCardinalityString>
<targetEntity>A98BAC68-107A-A1AC-D3BD-0E98EDCED2A6</targetEntity>
<transferable>true</transferable>
<deleteRule>NO ACTION</deleteRule>
</Relation>