<?xml version = '1.0' encoding = 'UTF-8'?>
<Entity class="oracle.dbtools.crest.model.design.logical.Entity" directorySegmentName="seg_0" id="27C97134-D7DB-3D52-D825-DE2E61E889F1" name="SERVICIO">
<createdBy>Catalina</createdBy>
<createdTime>2024-09-24 22:04:57 UTC</createdTime>
<ownerDesignName>MundoMascotas</ownerDesignName>
<engineerTo>
<item key="37E94C02-A4B2-5915-BEDD-B1B282A163C0" value="true"/>
</engineerTo>
<adequatelyNormalized>NO</adequatelyNormalized>
<expectedVolumes>0</expectedVolumes>
<fwdEngineeringStrategyName>Single Table</fwdEngineeringStrategyName>
<growthPercent>0</growthPercent>
<growthType>Year</growthType>
<maxVolumes>9999999</maxVolumes>
<minVolumes>0</minVolumes>
<normalForm>Third</normalForm>
<attributes itemClass="oracle.dbtools.crest.model.design.logical.Attribute">
<Attribute name="nombre" id="82533F59-B215-310A-1577-E5705307300C">
<createdBy>Catalina</createdBy>
<createdTime>2024-09-24 22:05:31 UTC</createdTime>
<ownerDesignName>MundoMascotas</ownerDesignName>
<engineerTo>
<item key="37E94C02-A4B2-5915-BEDD-B1B282A163C0" value="true"/>
</engineerTo>
<use>0</use>
<ownDataTypeParameters>,,</ownDataTypeParameters>
</Attribute>
<Attribute name="tipo" id="F523A4D3-4DFB-E26F-9D41-E7ADA78E5141">
<createdBy>Catalina</createdBy>
<createdTime>2024-09-24 22:08:39 UTC</createdTime>
<ownerDesignName>MundoMascotas</ownerDesignName>
<engineerTo>
<item key="37E94C02-A4B2-5915-BEDD-B1B282A163C0" value="true"/>
</engineerTo>
<use>0</use>
<ownDataTypeParameters>,,</ownDataTypeParameters>
</Attribute>
<Attribute name="descripcion" id="02E8B501-49D3-27BC-3253-99D6576C5523">
<createdBy>Catalina</createdBy>
<createdTime>2024-09-24 22:05:35 UTC</createdTime>
<ownerDesignName>MundoMascotas</ownerDesignName>
<engineerTo>
<item key="37E94C02-A4B2-5915-BEDD-B1B282A163C0" value="true"/>
</engineerTo>
<use>0</use>
<ownDataTypeParameters>,,</ownDataTypeParameters>
</Attribute>
<Attribute name="precio" id="B58F2B1E-3C62-AFA6-7D63-17CAEE8104F7">
<createdBy>Catalina</createdBy>
<createdTime>2024-09-24 22:05:40 UTC</createdTime>
<ownerDesignName>MundoMascotas</ownerDesignName>
<engineerTo>
<item key="37E94C02-A4B2-5915-BEDD-B1B282A163C0" value="true"/>
</engineerTo>
<use>0</use>
<ownDataTypeParameters>,,</ownDataTypeParameters>
</Attribute>
<Attribute name="codigo_sucursal" id="D284E63E-26EA-AE3F-9D5A-795BFE9B1694">
<createdBy>Catalina</createdBy>
<createdTime>2024-09-24 22:09:26 UTC</createdTime>
<generatorID>2BA7EDB3-FC14-93CF-7344-D95E653FF437</generatorID>
<ownerDesignName>MundoMascotas</ownerDesignName>
<engineerTo>
<item key="37E94C02-A4B2-5915-BEDD-B1B282A163C0" value="true"/>
</engineerTo>
<referedAttribute>E6F3C977-928D-D46A-4BDC-F942D387D2DC</referedAttribute>
<use>0</use>
<ownDataTypeParameters>,,</ownDataTypeParameters>
</Attribute>
<Attribute name="rut_duenio" id="3E5B0516-D85C-0763-7E62-739B5E23A9F1">
<createdBy>Catalina</createdBy>
<createdTime>2024-09-24 22:45:33 UTC</createdTime>
<generatorID>8F604EDE-20F8-050B-A79A-A3EB993F53FF</generatorID>
<ownerDesignName>MundoMascotas</ownerDesignName>
<engineerTo>
<item key="37E94C02-A4B2-5915-BEDD-B1B282A163C0" value="true"/>
</engineerTo>
<referedAttribute>24E4E881-9FEB-0171-FF52-CE5171AE9948</referedAttribute>
<use>0</use>
<ownDataTypeParameters>,,</ownDataTypeParameters>
</Attribute>
<Attribute name="id_atencion" id="8899D921-90B5-46B0-52A4-09A414327369">
<createdBy>Catalina</createdBy>
<createdTime>2024-09-24 22:45:36 UTC</createdTime>
<generatorID>8F604EDE-20F8-050B-A79A-A3EB993F53FF</generatorID>
<ownerDesignName>MundoMascotas</ownerDesignName>
<engineerTo>
<item key="37E94C02-A4B2-5915-BEDD-B1B282A163C0" value="true"/>
</engineerTo>
<referedAttribute>8ECD7340-417A-D69F-5399-829CA32EFC26</referedAttribute>
<use>0</use>
<ownDataTypeParameters>,,</ownDataTypeParameters>
</Attribute>
</attributes>
<identifiers itemClass="oracle.dbtools.crest.model.design.logical.CandidateKey">
<identifier id="FB0A8A92-C2F9-99D7-24DB-CF475711738A" name="SERVICIO PK">
<createdBy>Catalina</createdBy>
<createdTime>2024-09-24 22:06:19 UTC</createdTime>
<ownerDesignName>MundoMascotas</ownerDesignName>
<engineerTo>
<item key="37E94C02-A4B2-5915-BEDD-B1B282A163C0" value="true"/>
</engineerTo>
<pk>true</pk>
<usedAttributes>
<attributeRef>3E5B0516-D85C-0763-7E62-739B5E23A9F1</attributeRef>
<attributeRef>8899D921-90B5-46B0-52A4-09A414327369</attributeRef>
<attributeRef>D284E63E-26EA-AE3F-9D5A-795BFE9B1694</attributeRef>
</usedAttributes>
</identifier>
</identifiers>
</Entity>