<?xml version = '1.0' encoding = 'UTF-8'?>
<Entity class="oracle.dbtools.crest.model.design.logical.Entity" directorySegmentName="seg_0" id="43E03436-0EAB-B636-8185-BB5AB3B90DCB" name="TELEFONO_EMPLEADO">
<createdBy>Catalina</createdBy>
<createdTime>2024-09-24 22:02:25 UTC</createdTime>
<ownerDesignName>MundoMascotas</ownerDesignName>
<engineerTo>
<item key="37E94C02-A4B2-5915-BEDD-B1B282A163C0" value="true"/>
</engineerTo>
<adequatelyNormalized>NO</adequatelyNormalized>
<expectedVolumes>0</expectedVolumes>
<fwdEngineeringStrategyName>Single Table</fwdEngineeringStrategyName>
<growthPercent>0</growthPercent>
<growthType>Year</growthType>
<maxVolumes>9999999</maxVolumes>
<minVolumes>0</minVolumes>
<normalForm>Third</normalForm>
<attributes itemClass="oracle.dbtools.crest.model.design.logical.Attribute">
<Attribute name="id_telefono" id="A6937DD6-1748-F591-29C4-E9D5CA738844">
<createdBy>Catalina</createdBy>
<createdTime>2024-09-24 22:20:16 UTC</createdTime>
<ownerDesignName>MundoMascotas</ownerDesignName>
<engineerTo>
<item key="37E94C02-A4B2-5915-BEDD-B1B282A163C0" value="true"/>
</engineerTo>
<use>0</use>
<ownDataTypeParameters>,,</ownDataTypeParameters>
</Attribute>
<Attribute name="num_telefono" id="7F33D5C2-2DDE-12E2-F914-21877A0B01F1">
<createdBy>Catalina</createdBy>
<createdTime>2024-09-24 22:02:32 UTC</createdTime>
<ownerDesignName>MundoMascotas</ownerDesignName>
<engineerTo>
<item key="37E94C02-A4B2-5915-BEDD-B1B282A163C0" value="true"/>
</engineerTo>
<use>0</use>
<ownDataTypeParameters>,,</ownDataTypeParameters>
</Attribute>
<Attribute name="run_empleado" id="F61A6D48-1843-84CB-8371-E5A3D944178E">
<createdBy>Catalina</createdBy>
<createdTime>2024-09-24 22:03:26 UTC</createdTime>
<generatorID>8274F083-A2E0-F122-CA5C-C626F581DA90</generatorID>
<ownerDesignName>MundoMascotas</ownerDesignName>
<engineerTo>
<item key="37E94C02-A4B2-5915-BEDD-B1B282A163C0" value="true"/>
</engineerTo>
<referedAttribute>5B56FBD9-88F1-9111-EE8A-CF63EA1767B5</referedAttribute>
<use>0</use>
<ownDataTypeParameters>,,</ownDataTypeParameters>
</Attribute>
</attributes>
<identifiers itemClass="oracle.dbtools.crest.model.design.logical.CandidateKey">
<identifier id="5A67ACB5-A86C-9BDC-71ED-4A37675280DB" name="TELEFONO PK">
<createdBy>Catalina</createdBy>
<createdTime>2024-09-24 22:02:46 UTC</createdTime>
<ownerDesignName>MundoMascotas</ownerDesignName>
<engineerTo>
<item key="37E94C02-A4B2-5915-BEDD-B1B282A163C0" value="true"/>
</engineerTo>
<pk>true</pk>
<usedAttributes>
<attributeRef>A6937DD6-1748-F591-29C4-E9D5CA738844</attributeRef>
</usedAttributes>
</identifier>
</identifiers>
</Entity>