<?xml version = '1.0' encoding = 'UTF-8'?>
<Entity class="oracle.dbtools.crest.model.design.logical.Entity" directorySegmentName="seg_0" id="4C8CD475-034E-656D-47F1-2C1FD9D0FAC8" name="MASCOTA">
<createdBy>Catalina</createdBy>
<createdTime>2024-09-24 22:21:37 UTC</createdTime>
<ownerDesignName>MundoMascotas</ownerDesignName>
<engineerTo>
<item key="37E94C02-A4B2-5915-BEDD-B1B282A163C0" value="true"/>
</engineerTo>
<adequatelyNormalized>NO</adequatelyNormalized>
<expectedVolumes>0</expectedVolumes>
<fwdEngineeringStrategyName>Single Table</fwdEngineeringStrategyName>
<growthPercent>0</growthPercent>
<growthType>Year</growthType>
<maxVolumes>9999999</maxVolumes>
<minVolumes>0</minVolumes>
<normalForm>Third</normalForm>
<attributes itemClass="oracle.dbtools.crest.model.design.logical.Attribute">
<Attribute name="serie_chip" id="D8D32186-1DC8-C9A3-D012-421E66D763AE">
<createdBy>Catalina</createdBy>
<createdTime>2024-09-24 22:22:03 UTC</createdTime>
<ownerDesignName>MundoMascotas</ownerDesignName>
<engineerTo>
<item key="37E94C02-A4B2-5915-BEDD-B1B282A163C0" value="true"/>
</engineerTo>
<use>0</use>
<ownDataTypeParameters>,,</ownDataTypeParameters>
</Attribute>
<Attribute name="nombre" id="2E184B66-DE64-8CFD-76D8-A18BE82D6308">
<createdBy>Catalina</createdBy>
<createdTime>2024-09-24 22:21:44 UTC</createdTime>
<ownerDesignName>MundoMascotas</ownerDesignName>
<engineerTo>
<item key="37E94C02-A4B2-5915-BEDD-B1B282A163C0" value="true"/>
</engineerTo>
<use>0</use>
<ownDataTypeParameters>,,</ownDataTypeParameters>
</Attribute>
<Attribute name="edad" id="806A3ADC-CEB0-1C26-6D82-3D3D4E4EE916">
<createdBy>Catalina</createdBy>
<createdTime>2024-09-24 22:21:52 UTC</createdTime>
<ownerDesignName>MundoMascotas</ownerDesignName>
<engineerTo>
<item key="37E94C02-A4B2-5915-BEDD-B1B282A163C0" value="true"/>
</engineerTo>
<use>0</use>
<ownDataTypeParameters>,,</ownDataTypeParameters>
</Attribute>
<Attribute name="peso" id="226FF85D-CC7A-2343-8C61-BF9220F92644">
<createdBy>Catalina</createdBy>
<createdTime>2024-09-24 22:21:55 UTC</createdTime>
<ownerDesignName>MundoMascotas</ownerDesignName>
<engineerTo>
<item key="37E94C02-A4B2-5915-BEDD-B1B282A163C0" value="true"/>
</engineerTo>
<use>0</use>
<ownDataTypeParameters>,,</ownDataTypeParameters>
</Attribute>
<Attribute name="raza" id="5634C962-521C-A730-C3B7-B6FA3D5B806C">
<createdBy>Catalina</createdBy>
<createdTime>2024-09-24 22:22:20 UTC</createdTime>
<ownerDesignName>MundoMascotas</ownerDesignName>
<engineerTo>
<item key="37E94C02-A4B2-5915-BEDD-B1B282A163C0" value="true"/>
</engineerTo>
<use>0</use>
<ownDataTypeParameters>,,</ownDataTypeParameters>
</Attribute>
<Attribute name="rut_duenio" id="F691E1BF-4A95-1940-AD04-FFC2CE493B3B">
<createdBy>Catalina</createdBy>
<createdTime>2024-09-24 22:22:50 UTC</createdTime>
<generatorID>BCCD2D46-FBFE-D59E-E321-DC7E0617C5D7</generatorID>
<ownerDesignName>MundoMascotas</ownerDesignName>
<engineerTo>
<item key="37E94C02-A4B2-5915-BEDD-B1B282A163C0" value="true"/>
</engineerTo>
<referedAttribute>B8304B59-D7D3-0E60-0383-6D482F70D7F6</referedAttribute>
<use>0</use>
<ownDataTypeParameters>,,</ownDataTypeParameters>
</Attribute>
</attributes>
<identifiers itemClass="oracle.dbtools.crest.model.design.logical.CandidateKey">
<identifier id="C2105C7A-5686-02F7-6CC2-89214B12B670" name="MASCOTA PK">
<createdBy>Catalina</createdBy>
<createdTime>2024-09-24 22:22:27 UTC</createdTime>
<ownerDesignName>MundoMascotas</ownerDesignName>
<engineerTo>
<item key="37E94C02-A4B2-5915-BEDD-B1B282A163C0" value="true"/>
</engineerTo>
<pk>true</pk>
<usedAttributes>
<attributeRef>D8D32186-1DC8-C9A3-D012-421E66D763AE</attributeRef>
</usedAttributes>
</identifier>
</identifiers>
</Entity>