<?xml version = '1.0' encoding = 'UTF-8'?>
<Entity class="oracle.dbtools.crest.model.design.logical.Entity" directorySegmentName="seg_0" id="5D469A26-46DE-D481-368F-C057B617D069" name="COMUNA">
<createdBy>PAAPCA02LC0907</createdBy>
<createdTime>2024-09-24 12:37:41 UTC</createdTime>
<ownerDesignName>MundoMascotas</ownerDesignName>
<engineerTo>
<item key="37E94C02-A4B2-5915-BEDD-B1B282A163C0" value="true"/>
</engineerTo>
<adequatelyNormalized>NO</adequatelyNormalized>
<expectedVolumes>0</expectedVolumes>
<fwdEngineeringStrategyName>Single Table</fwdEngineeringStrategyName>
<growthPercent>0</growthPercent>
<growthType>Year</growthType>
<maxVolumes>9999999</maxVolumes>
<minVolumes>0</minVolumes>
<normalForm>Third</normalForm>
<attributes itemClass="oracle.dbtools.crest.model.design.logical.Attribute">
<Attribute name="codigo_comuna" id="9DECB972-2631-D7D1-BB08-75291B8E6F0B">
<createdBy>PAAPCA02LC0907</createdBy>
<createdTime>2024-09-24 12:37:49 UTC</createdTime>
<ownerDesignName>MundoMascotas</ownerDesignName>
<engineerTo>
<item key="37E94C02-A4B2-5915-BEDD-B1B282A163C0" value="true"/>
</engineerTo>
<use>0</use>
<ownDataTypeParameters>,,</ownDataTypeParameters>
</Attribute>
<Attribute name="nombre_comuna" id="6109CC23-66F6-7FEC-F4D0-FBCDA6FDC1B9">
<createdBy>PAAPCA02LC0907</createdBy>
<createdTime>2024-09-24 12:37:55 UTC</createdTime>
<ownerDesignName>MundoMascotas</ownerDesignName>
<engineerTo>
<item key="37E94C02-A4B2-5915-BEDD-B1B282A163C0" value="true"/>
</engineerTo>
<use>0</use>
<ownDataTypeParameters>,,</ownDataTypeParameters>
</Attribute>
<Attribute name="codigo_ciudad" id="A7E7B654-013D-279A-D9E0-FA247E103187">
<createdBy>PAAPCA02LC0907</createdBy>
<createdTime>2024-09-24 12:38:58 UTC</createdTime>
<generatorID>F58A8317-934F-5035-0B55-B89EFD8D7E93</generatorID>
<ownerDesignName>MundoMascotas</ownerDesignName>
<engineerTo>
<item key="37E94C02-A4B2-5915-BEDD-B1B282A163C0" value="true"/>
</engineerTo>
<referedAttribute>FC221FF3-5E6E-15A4-A1CD-A0868A3B5EA3</referedAttribute>
<use>0</use>
<ownDataTypeParameters>,,</ownDataTypeParameters>
</Attribute>
</attributes>
<identifiers itemClass="oracle.dbtools.crest.model.design.logical.CandidateKey">
<identifier id="DBE2DFEB-2FB7-C552-FF02-67F3C59ED4B6" name="COMUNA PK">
<createdBy>PAAPCA02LC0907</createdBy>
<createdTime>2024-09-24 12:38:03 UTC</createdTime>
<ownerDesignName>MundoMascotas</ownerDesignName>
<engineerTo>
<item key="37E94C02-A4B2-5915-BEDD-B1B282A163C0" value="true"/>
</engineerTo>
<pk>true</pk>
<usedAttributes>
<attributeRef>9DECB972-2631-D7D1-BB08-75291B8E6F0B</attributeRef>
</usedAttributes>
</identifier>
</identifiers>
</Entity>