<?xml version = '1.0' encoding = 'UTF-8'?>
<Entity class="oracle.dbtools.crest.model.design.logical.Entity" directorySegmentName="seg_0" id="61E0E74F-0698-0B57-DDB0-8CDB42173013" name="CIUDAD">
<createdBy>PAAPCA02LC0907</createdBy>
<createdTime>2024-09-24 12:38:13 UTC</createdTime>
<ownerDesignName>MundoMascotas</ownerDesignName>
<engineerTo>
<item key="37E94C02-A4B2-5915-BEDD-B1B282A163C0" value="true"/>
</engineerTo>
<adequatelyNormalized>NO</adequatelyNormalized>
<expectedVolumes>0</expectedVolumes>
<fwdEngineeringStrategyName>Single Table</fwdEngineeringStrategyName>
<growthPercent>0</growthPercent>
<growthType>Year</growthType>
<maxVolumes>9999999</maxVolumes>
<minVolumes>0</minVolumes>
<normalForm>Third</normalForm>
<attributes itemClass="oracle.dbtools.crest.model.design.logical.Attribute">
<Attribute name="codigo_ciudad" id="FC221FF3-5E6E-15A4-A1CD-A0868A3B5EA3">
<createdBy>PAAPCA02LC0907</createdBy>
<createdTime>2024-09-24 12:38:19 UTC</createdTime>
<ownerDesignName>MundoMascotas</ownerDesignName>
<engineerTo>
<item key="37E94C02-A4B2-5915-BEDD-B1B282A163C0" value="true"/>
</engineerTo>
<use>0</use>
<ownDataTypeParameters>,,</ownDataTypeParameters>
</Attribute>
<Attribute name="nombre_ciudad" id="5E3E8D8E-B9B3-99BF-11C1-CF0CFB410BAA">
<createdBy>PAAPCA02LC0907</createdBy>
<createdTime>2024-09-24 12:38:29 UTC</createdTime>
<ownerDesignName>MundoMascotas</ownerDesignName>
<engineerTo>
<item key="37E94C02-A4B2-5915-BEDD-B1B282A163C0" value="true"/>
</engineerTo>
<use>0</use>
<ownDataTypeParameters>,,</ownDataTypeParameters>
</Attribute>
</attributes>
<identifiers itemClass="oracle.dbtools.crest.model.design.logical.CandidateKey">
<identifier id="35BE987A-47AB-2CC5-B989-167467667404" name="CIUDAD PK">
<createdBy>PAAPCA02LC0907</createdBy>
<createdTime>2024-09-24 12:38:44 UTC</createdTime>
<ownerDesignName>MundoMascotas</ownerDesignName>
<engineerTo>
<item key="37E94C02-A4B2-5915-BEDD-B1B282A163C0" value="true"/>
</engineerTo>
<pk>true</pk>
<usedAttributes>
<attributeRef>FC221FF3-5E6E-15A4-A1CD-A0868A3B5EA3</attributeRef>
</usedAttributes>
</identifier>
</identifiers>
</Entity>