<?xml version = '1.0' encoding = 'UTF-8'?>
<Entity class="oracle.dbtools.crest.model.design.logical.Entity" directorySegmentName="seg_0" id="9D071174-071F-87DD-C470-08B08F6260AC" name="EMPLEADO">
<createdBy>PAAPCA02LC0907</createdBy>
<createdTime>2024-09-24 12:40:47 UTC</createdTime>
<ownerDesignName>MundoMascotas</ownerDesignName>
<engineerTo>
<item key="37E94C02-A4B2-5915-BEDD-B1B282A163C0" value="true"/>
</engineerTo>
<adequatelyNormalized>NO</adequatelyNormalized>
<expectedVolumes>0</expectedVolumes>
<fwdEngineeringStrategyName>Single Table</fwdEngineeringStrategyName>
<growthPercent>0</growthPercent>
<growthType>Year</growthType>
<maxVolumes>9999999</maxVolumes>
<minVolumes>0</minVolumes>
<normalForm>Third</normalForm>
<attributes itemClass="oracle.dbtools.crest.model.design.logical.Attribute">
<Attribute name="run_empleado" id="5B56FBD9-88F1-9111-EE8A-CF63EA1767B5">
<createdBy>PAAPCA02LC0907</createdBy>
<createdTime>2024-09-24 12:40:56 UTC</createdTime>
<ownerDesignName>MundoMascotas</ownerDesignName>
<engineerTo>
<item key="37E94C02-A4B2-5915-BEDD-B1B282A163C0" value="true"/>
</engineerTo>
<use>0</use>
<ownDataTypeParameters>,,</ownDataTypeParameters>
</Attribute>
<Attribute name="dv" id="1CA0899A-DE12-2588-157D-3DA00CF93EAC">
<createdBy>PAAPCA02LC0907</createdBy>
<createdTime>2024-09-24 12:41:01 UTC</createdTime>
<ownerDesignName>MundoMascotas</ownerDesignName>
<engineerTo>
<item key="37E94C02-A4B2-5915-BEDD-B1B282A163C0" value="true"/>
</engineerTo>
<use>0</use>
<ownDataTypeParameters>,,</ownDataTypeParameters>
</Attribute>
<Attribute name="primer_nombre" id="1963537F-E7A8-5DA3-1929-0F56EC988EA2">
<createdBy>PAAPCA02LC0907</createdBy>
<createdTime>2024-09-24 12:41:08 UTC</createdTime>
<ownerDesignName>MundoMascotas</ownerDesignName>
<engineerTo>
<item key="37E94C02-A4B2-5915-BEDD-B1B282A163C0" value="true"/>
</engineerTo>
<use>0</use>
<ownDataTypeParameters>,,</ownDataTypeParameters>
</Attribute>
<Attribute name="segundo_nombre" id="1C25A71E-5258-4BC9-1D66-F7F508D4B437">
<createdBy>PAAPCA02LC0907</createdBy>
<createdTime>2024-09-24 12:41:15 UTC</createdTime>
<ownerDesignName>MundoMascotas</ownerDesignName>
<engineerTo>
<item key="37E94C02-A4B2-5915-BEDD-B1B282A163C0" value="true"/>
</engineerTo>
<use>0</use>
<ownDataTypeParameters>,,</ownDataTypeParameters>
</Attribute>
<Attribute name="ap_paterno" id="1D44EFDB-5578-0C29-05AA-23466CD59113">
<createdBy>PAAPCA02LC0907</createdBy>
<createdTime>2024-09-24 12:41:38 UTC</createdTime>
<ownerDesignName>MundoMascotas</ownerDesignName>
<engineerTo>
<item key="37E94C02-A4B2-5915-BEDD-B1B282A163C0" value="true"/>
</engineerTo>
<use>0</use>
<ownDataTypeParameters>,,</ownDataTypeParameters>
</Attribute>
<Attribute name="ap_materno" id="0F6B7552-19B5-B0DD-D794-50AB6BC6CC06">
<createdBy>PAAPCA02LC0907</createdBy>
<createdTime>2024-09-24 12:41:44 UTC</createdTime>
<ownerDesignName>MundoMascotas</ownerDesignName>
<engineerTo>
<item key="37E94C02-A4B2-5915-BEDD-B1B282A163C0" value="true"/>
</engineerTo>
<use>0</use>
<ownDataTypeParameters>,,</ownDataTypeParameters>
</Attribute>
<Attribute name="codigo_sucursal" id="5691EEFF-1CDB-40DF-3CDF-F39F162F2137">
<createdBy>Catalina</createdBy>
<createdTime>2024-09-24 21:48:56 UTC</createdTime>
<generatorID>948BFFE4-DD25-63F8-FB51-171DD40F7DD4</generatorID>
<ownerDesignName>MundoMascotas</ownerDesignName>
<engineerTo>
<item key="37E94C02-A4B2-5915-BEDD-B1B282A163C0" value="true"/>
</engineerTo>
<referedAttribute>E6F3C977-928D-D46A-4BDC-F942D387D2DC</referedAttribute>
<use>0</use>
<ownDataTypeParameters>,,</ownDataTypeParameters>
</Attribute>
<Attribute name="direccion" id="04EC01AC-D623-C692-9A16-DFD8245E9B65">
<createdBy>Catalina</createdBy>
<createdTime>2024-09-24 21:52:15 UTC</createdTime>
<ownerDesignName>MundoMascotas</ownerDesignName>
<engineerTo>
<item key="37E94C02-A4B2-5915-BEDD-B1B282A163C0" value="true"/>
</engineerTo>
<use>0</use>
<ownDataTypeParameters>,,</ownDataTypeParameters>
</Attribute>
</attributes>
<identifiers itemClass="oracle.dbtools.crest.model.design.logical.CandidateKey">
<identifier id="BEFB7EC6-C428-44FF-1330-5C82881CF8EB" name="EMPLEADO PK">
<createdBy>PAAPCA02LC0907</createdBy>
<createdTime>2024-09-24 12:43:11 UTC</createdTime>
<ownerDesignName>MundoMascotas</ownerDesignName>
<engineerTo>
<item key="37E94C02-A4B2-5915-BEDD-B1B282A163C0" value="true"/>
</engineerTo>
<pk>true</pk>
<usedAttributes>
<attributeRef>5B56FBD9-88F1-9111-EE8A-CF63EA1767B5</attributeRef>
</usedAttributes>
</identifier>
</identifiers>
</Entity>