<?xml version = '1.0' encoding = 'UTF-8'?>
<Entity class="oracle.dbtools.crest.model.design.logical.Entity" directorySegmentName="seg_0" id="A98BAC68-107A-A1AC-D3BD-0E98EDCED2A6" name="JEFE">
<createdBy>Catalina</createdBy>
<createdTime>2024-09-24 21:31:40 UTC</createdTime>
<ownerDesignName>MundoMascotas</ownerDesignName>
<engineerTo>
<item key="37E94C02-A4B2-5915-BEDD-B1B282A163C0" value="true"/>
</engineerTo>
<adequatelyNormalized>NO</adequatelyNormalized>
<expectedVolumes>0</expectedVolumes>
<fwdEngineeringStrategyName>Single Table</fwdEngineeringStrategyName>
<growthPercent>0</growthPercent>
<growthType>Year</growthType>
<maxVolumes>9999999</maxVolumes>
<minVolumes>0</minVolumes>
<normalForm>Third</normalForm>
<attributes itemClass="oracle.dbtools.crest.model.design.logical.Attribute">
<Attribute name="codigo_sucursal" id="40E60D16-53BE-7A7E-8552-977877D5AFF3">
<createdBy>Catalina</createdBy>
<createdTime>2024-09-24 21:33:58 UTC</createdTime>
<generatorID>8A73C4B9-F092-DA16-26CB-2CF139DFF189</generatorID>
<ownerDesignName>MundoMascotas</ownerDesignName>
<engineerTo>
<item key="37E94C02-A4B2-5915-BEDD-B1B282A163C0" value="true"/>
</engineerTo>
<referedAttribute>E6F3C977-928D-D46A-4BDC-F942D387D2DC</referedAttribute>
<use>0</use>
<ownDataTypeParameters>,,</ownDataTypeParameters>
</Attribute>
<Attribute name="run_empleado" id="74C6C7CE-4C3E-7752-F2E7-0D03A561782B">
<createdBy>Catalina</createdBy>
<createdTime>2024-09-24 21:42:21 UTC</createdTime>
<generatorID>F7E3A539-B3A8-7838-944F-A437241631A5</generatorID>
<ownerDesignName>MundoMascotas</ownerDesignName>
<engineerTo>
<item key="37E94C02-A4B2-5915-BEDD-B1B282A163C0" value="true"/>
</engineerTo>
<referedAttribute>5B56FBD9-88F1-9111-EE8A-CF63EA1767B5</referedAttribute>
<use>0</use>
<ownDataTypeParameters>,,</ownDataTypeParameters>
</Attribute>
</attributes>
</Entity>