<?xml version = '1.0' encoding = 'UTF-8'?>
<Entity class="oracle.dbtools.crest.model.design.logical.Entity" directorySegmentName="seg_0" id="AEDCC265-F309-7377-20B6-EB89611DCA39" name="TELEFONO_CLIENTE">
<createdBy>Catalina</createdBy>
<createdTime>2024-09-24 22:18:15 UTC</createdTime>
<ownerDesignName>MundoMascotas</ownerDesignName>
<engineerTo>
<item key="37E94C02-A4B2-5915-BEDD-B1B282A163C0" value="true"/>
</engineerTo>
<adequatelyNormalized>NO</adequatelyNormalized>
<expectedVolumes>0</expectedVolumes>
<fwdEngineeringStrategyName>Single Table</fwdEngineeringStrategyName>
<growthPercent>0</growthPercent>
<growthType>Year</growthType>
<maxVolumes>9999999</maxVolumes>
<minVolumes>0</minVolumes>
<normalForm>Third</normalForm>
<attributes itemClass="oracle.dbtools.crest.model.design.logical.Attribute">
<Attribute name="id_telefono" id="FF8DD303-0075-5E64-6C25-82A9F4FC157D">
<createdBy>Catalina</createdBy>
<createdTime>2024-09-24 22:20:31 UTC</createdTime>
<ownerDesignName>MundoMascotas</ownerDesignName>
<engineerTo>
<item key="37E94C02-A4B2-5915-BEDD-B1B282A163C0" value="true"/>
</engineerTo>
<use>0</use>
<ownDataTypeParameters>,,</ownDataTypeParameters>
</Attribute>
<Attribute name="num_telefono" id="47FC890C-7F0C-0D6E-8371-95F47FEBCCC6">
<createdBy>Catalina</createdBy>
<createdTime>2024-09-24 22:18:15 UTC</createdTime>
<ownerDesignName>MundoMascotas</ownerDesignName>
<engineerTo>
<item key="37E94C02-A4B2-5915-BEDD-B1B282A163C0" value="true"/>
</engineerTo>
<use>0</use>
<ownDataTypeParameters>,,</ownDataTypeParameters>
</Attribute>
<Attribute name="rut_duenio" id="17FE5A0A-39E4-E918-7D89-5D6A9C9FB2E3">
<createdBy>Catalina</createdBy>
<createdTime>2024-09-24 22:19:25 UTC</createdTime>
<generatorID>EC06B46A-C725-269B-0565-04B2A4CA8D50</generatorID>
<ownerDesignName>MundoMascotas</ownerDesignName>
<engineerTo>
<item key="37E94C02-A4B2-5915-BEDD-B1B282A163C0" value="true"/>
</engineerTo>
<referedAttribute>B8304B59-D7D3-0E60-0383-6D482F70D7F6</referedAttribute>
<use>0</use>
<ownDataTypeParameters>,,</ownDataTypeParameters>
</Attribute>
</attributes>
<identifiers itemClass="oracle.dbtools.crest.model.design.logical.CandidateKey">
<identifier id="AECE0424-F23A-29BC-CD61-E2F1837C2329" name="TELEFONO PK">
<createdBy>Catalina</createdBy>
<createdTime>2024-09-24 22:18:15 UTC</createdTime>
<ownerDesignName>MundoMascotas</ownerDesignName>
<engineerTo>
<item key="37E94C02-A4B2-5915-BEDD-B1B282A163C0" value="true"/>
</engineerTo>
<pk>true</pk>
<usedAttributes>
<attributeRef>FF8DD303-0075-5E64-6C25-82A9F4FC157D</attributeRef>
</usedAttributes>
</identifier>
</identifiers>
</Entity>