<?xml version = '1.0' encoding = 'UTF-8'?>
<Entity class="oracle.dbtools.crest.model.design.logical.Entity" directorySegmentName="seg_0" id="B5A0F599-0535-3681-8BF9-1B901574C6B8" name="AGENDAMIENTO">
<createdBy>Catalina</createdBy>
<createdTime>2024-09-24 22:24:28 UTC</createdTime>
<ownerDesignName>MundoMascotas</ownerDesignName>
<engineerTo>
<item key="37E94C02-A4B2-5915-BEDD-B1B282A163C0" value="true"/>
</engineerTo>
<adequatelyNormalized>NO</adequatelyNormalized>
<expectedVolumes>0</expectedVolumes>
<fwdEngineeringStrategyName>Single Table</fwdEngineeringStrategyName>
<growthPercent>0</growthPercent>
<growthType>Year</growthType>
<maxVolumes>9999999</maxVolumes>
<minVolumes>0</minVolumes>
<normalForm>Third</normalForm>
<attributes itemClass="oracle.dbtools.crest.model.design.logical.Attribute">
<Attribute name="fecha_atencion" id="8535EBEF-0403-9842-A946-5B2A5332CB2E">
<createdBy>Catalina</createdBy>
<createdTime>2024-09-24 22:24:38 UTC</createdTime>
<ownerDesignName>MundoMascotas</ownerDesignName>
<engineerTo>
<item key="37E94C02-A4B2-5915-BEDD-B1B282A163C0" value="true"/>
</engineerTo>
<use>0</use>
<ownDataTypeParameters>,,</ownDataTypeParameters>
</Attribute>
<Attribute name="hora_atencion" id="55657AE4-AC8D-1A19-1C96-73E8BEE1E399">
<createdBy>Catalina</createdBy>
<createdTime>2024-09-24 22:25:28 UTC</createdTime>
<ownerDesignName>MundoMascotas</ownerDesignName>
<engineerTo>
<item key="37E94C02-A4B2-5915-BEDD-B1B282A163C0" value="true"/>
</engineerTo>
<use>0</use>
<ownDataTypeParameters>,,</ownDataTypeParameters>
</Attribute>
<Attribute name="forma_contacto" id="1FBC482A-890D-985A-46D4-362A8B7EFFA8">
<createdBy>Catalina</createdBy>
<createdTime>2024-09-24 22:25:46 UTC</createdTime>
<ownerDesignName>MundoMascotas</ownerDesignName>
<engineerTo>
<item key="37E94C02-A4B2-5915-BEDD-B1B282A163C0" value="true"/>
</engineerTo>
<use>0</use>
<ownDataTypeParameters>,,</ownDataTypeParameters>
</Attribute>
<Attribute name="rut_duenio" id="24E4E881-9FEB-0171-FF52-CE5171AE9948">
<createdBy>Catalina</createdBy>
<createdTime>2024-09-24 22:27:59 UTC</createdTime>
<generatorID>8B833729-0781-57FF-CD41-0A931658B2BC</generatorID>
<ownerDesignName>MundoMascotas</ownerDesignName>
<engineerTo>
<item key="37E94C02-A4B2-5915-BEDD-B1B282A163C0" value="true"/>
</engineerTo>
<referedAttribute>B8304B59-D7D3-0E60-0383-6D482F70D7F6</referedAttribute>
<use>0</use>
<ownDataTypeParameters>,,</ownDataTypeParameters>
</Attribute>
<Attribute name="id_atencion" id="8ECD7340-417A-D69F-5399-829CA32EFC26">
<createdBy>Catalina</createdBy>
<createdTime>2024-09-24 22:30:53 UTC</createdTime>
<generatorID>F68A5DA4-423C-AFF4-8CA7-738A40778BC7</generatorID>
<ownerDesignName>MundoMascotas</ownerDesignName>
<engineerTo>
<item key="37E94C02-A4B2-5915-BEDD-B1B282A163C0" value="true"/>
</engineerTo>
<referedAttribute>267191FC-8530-C1E8-4F87-B2A432A96AED</referedAttribute>
<use>0</use>
<ownDataTypeParameters>,,</ownDataTypeParameters>
</Attribute>
</attributes>
<identifiers itemClass="oracle.dbtools.crest.model.design.logical.CandidateKey">
<identifier id="A972DAA3-DDC2-3E59-F944-E9085CA5B962" name="AGENDAMIENTO PK">
<createdBy>Catalina</createdBy>
<createdTime>2024-09-24 22:27:30 UTC</createdTime>
<ownerDesignName>MundoMascotas</ownerDesignName>
<engineerTo>
<item key="37E94C02-A4B2-5915-BEDD-B1B282A163C0" value="true"/>
</engineerTo>
<pk>true</pk>
<usedAttributes>
<attributeRef>24E4E881-9FEB-0171-FF52-CE5171AE9948</attributeRef>
<attributeRef>8ECD7340-417A-D69F-5399-829CA32EFC26</attributeRef>
</usedAttributes>
</identifier>
</identifiers>
</Entity>