<?xml version = '1.0' encoding = 'UTF-8'?>
<Entity class="oracle.dbtools.crest.model.design.logical.Entity" directorySegmentName="seg_0" id="CF98C10D-5105-0B6B-4F33-1DAE5328D50C" name="ORDEN_ATENCION">
<createdBy>Catalina</createdBy>
<createdTime>2024-09-24 22:29:32 UTC</createdTime>
<ownerDesignName>MundoMascotas</ownerDesignName>
<engineerTo>
<item key="37E94C02-A4B2-5915-BEDD-B1B282A163C0" value="true"/>
</engineerTo>
<adequatelyNormalized>NO</adequatelyNormalized>
<expectedVolumes>0</expectedVolumes>
<fwdEngineeringStrategyName>Single Table</fwdEngineeringStrategyName>
<growthPercent>0</growthPercent>
<growthType>Year</growthType>
<maxVolumes>9999999</maxVolumes>
<minVolumes>0</minVolumes>
<normalForm>Third</normalForm>
<attributes itemClass="oracle.dbtools.crest.model.design.logical.Attribute">
<Attribute name="id_atencion" id="267191FC-8530-C1E8-4F87-B2A432A96AED">
<createdBy>Catalina</createdBy>
<createdTime>2024-09-24 22:30:15 UTC</createdTime>
<ownerDesignName>MundoMascotas</ownerDesignName>
<engineerTo>
<item key="37E94C02-A4B2-5915-BEDD-B1B282A163C0" value="true"/>
</engineerTo>
<use>0</use>
<ownDataTypeParameters>,,</ownDataTypeParameters>
</Attribute>
</attributes>
<identifiers itemClass="oracle.dbtools.crest.model.design.logical.CandidateKey">
<identifier id="9F04EC22-472E-D912-EBA5-5947826D3E7A" name="ORDEN_ATENCION PK">
<createdBy>Catalina</createdBy>
<createdTime>2024-09-24 22:30:36 UTC</createdTime>
<ownerDesignName>MundoMascotas</ownerDesignName>
<engineerTo>
<item key="37E94C02-A4B2-5915-BEDD-B1B282A163C0" value="true"/>
</engineerTo>
<pk>true</pk>
<usedAttributes>
<attributeRef>267191FC-8530-C1E8-4F87-B2A432A96AED</attributeRef>
</usedAttributes>
</identifier>
</identifiers>
</Entity>