<?xml version = '1.0' encoding = 'UTF-8'?>
<Entity class="oracle.dbtools.crest.model.design.logical.Entity" directorySegmentName="seg_0" id="EA536AE7-07B7-B9E3-D503-34CCB3AFA9D9" name="COMUN">
<createdBy>Catalina</createdBy>
<createdTime>2024-09-24 22:39:26 UTC</createdTime>
<ownerDesignName>MundoMascotas</ownerDesignName>
<engineerTo>
<item key="37E94C02-A4B2-5915-BEDD-B1B282A163C0" value="true"/>
</engineerTo>
<adequatelyNormalized>NO</adequatelyNormalized>
<expectedVolumes>0</expectedVolumes>
<fwdEngineeringStrategyName>Single Table</fwdEngineeringStrategyName>
<growthPercent>0</growthPercent>
<growthType>Year</growthType>
<maxVolumes>9999999</maxVolumes>
<minVolumes>0</minVolumes>
<normalForm>Third</normalForm>
<attributes itemClass="oracle.dbtools.crest.model.design.logical.Attribute">
<Attribute name="puesto" id="562ABABD-4A99-B2E0-C748-E8B107CDC2E1">
<createdBy>Catalina</createdBy>
<createdTime>2024-09-24 22:39:31 UTC</createdTime>
<ownerDesignName>MundoMascotas</ownerDesignName>
<engineerTo>
<item key="37E94C02-A4B2-5915-BEDD-B1B282A163C0" value="true"/>
</engineerTo>
<use>0</use>
<ownDataTypeParameters>,,</ownDataTypeParameters>
</Attribute>
<Attribute name="tipo_contrato" id="14FA4E0F-D21A-BA08-9C31-A2A07207011D">
<createdBy>Catalina</createdBy>
<createdTime>2024-09-24 22:39:35 UTC</createdTime>
<ownerDesignName>MundoMascotas</ownerDesignName>
<engineerTo>
<item key="37E94C02-A4B2-5915-BEDD-B1B282A163C0" value="true"/>
</engineerTo>
<use>0</use>
<ownDataTypeParameters>,,</ownDataTypeParameters>
</Attribute>
<Attribute name="run_empleado" id="B02A6446-AA74-6F00-9B92-018736FC237C">
<createdBy>Catalina</createdBy>
<createdTime>2024-09-24 22:40:09 UTC</createdTime>
<generatorID>8B493E06-EDF2-2574-EF20-A92B9D29F407</generatorID>
<ownerDesignName>MundoMascotas</ownerDesignName>
<engineerTo>
<item key="37E94C02-A4B2-5915-BEDD-B1B282A163C0" value="true"/>
</engineerTo>
<referedAttribute>5B56FBD9-88F1-9111-EE8A-CF63EA1767B5</referedAttribute>
<use>0</use>
<ownDataTypeParameters>,,</ownDataTypeParameters>
</Attribute>
</attributes>
</Entity>