<?xml version = '1.0' encoding = 'UTF-8'?>
<Entity class="oracle.dbtools.crest.model.design.logical.Entity" directorySegmentName="seg_0" id="F79D17C1-DF5B-ECBB-5F5E-DB59F37B19E4" name="SUCURSAL">
<createdBy>PAAPCA02LC0907</createdBy>
<createdTime>2024-09-24 12:36:31 UTC</createdTime>
<ownerDesignName>MundoMascotas</ownerDesignName>
<engineerTo>
<item key="37E94C02-A4B2-5915-BEDD-B1B282A163C0" value="true"/>
</engineerTo>
<adequatelyNormalized>NO</adequatelyNormalized>
<expectedVolumes>0</expectedVolumes>
<fwdEngineeringStrategyName>Single Table</fwdEngineeringStrategyName>
<growthPercent>0</growthPercent>
<growthType>Year</growthType>
<maxVolumes>9999999</maxVolumes>
<minVolumes>0</minVolumes>
<normalForm>Third</normalForm>
<attributes itemClass="oracle.dbtools.crest.model.design.logical.Attribute">
<Attribute name="codigo_sucursal" id="E6F3C977-928D-D46A-4BDC-F942D387D2DC">
<createdBy>PAAPCA02LC0907</createdBy>
<createdTime>2024-09-24 12:36:43 UTC</createdTime>
<ownerDesignName>MundoMascotas</ownerDesignName>
<engineerTo>
<item key="37E94C02-A4B2-5915-BEDD-B1B282A163C0" value="true"/>
</engineerTo>
<use>0</use>
<ownDataTypeParameters>,,</ownDataTypeParameters>
</Attribute>
<Attribute name="nombre_sucursal" id="EE95DCAC-0344-4EFA-F15A-4EC392E561C5">
<createdBy>PAAPCA02LC0907</createdBy>
<createdTime>2024-09-24 12:36:50 UTC</createdTime>
<ownerDesignName>MundoMascotas</ownerDesignName>
<engineerTo>
<item key="37E94C02-A4B2-5915-BEDD-B1B282A163C0" value="true"/>
</engineerTo>
<use>0</use>
<ownDataTypeParameters>,,</ownDataTypeParameters>
</Attribute>
<Attribute name="direccion" id="286212B5-84FA-3039-1ABE-6EA81726959B">
<createdBy>PAAPCA02LC0907</createdBy>
<createdTime>2024-09-24 12:36:56 UTC</createdTime>
<ownerDesignName>MundoMascotas</ownerDesignName>
<engineerTo>
<item key="37E94C02-A4B2-5915-BEDD-B1B282A163C0" value="true"/>
</engineerTo>
<use>0</use>
<ownDataTypeParameters>,,</ownDataTypeParameters>
</Attribute>
<Attribute name="codigo_comuna" id="364A5FFA-A232-9F03-E12D-58449216B682">
<createdBy>PAAPCA02LC0907</createdBy>
<createdTime>2024-09-24 12:39:03 UTC</createdTime>
<generatorID>A6D1DC74-8607-26EC-667B-89D66DB67836</generatorID>
<ownerDesignName>MundoMascotas</ownerDesignName>
<engineerTo>
<item key="37E94C02-A4B2-5915-BEDD-B1B282A163C0" value="true"/>
</engineerTo>
<referedAttribute>9DECB972-2631-D7D1-BB08-75291B8E6F0B</referedAttribute>
<use>0</use>
<ownDataTypeParameters>,,</ownDataTypeParameters>
</Attribute>
</attributes>
<identifiers itemClass="oracle.dbtools.crest.model.design.logical.CandidateKey">
<identifier id="6E136666-71E4-2628-393A-9AB9F81E5D98" name="SUCURSAL PK">
<createdBy>PAAPCA02LC0907</createdBy>
<createdTime>2024-09-24 12:37:32 UTC</createdTime>
<ownerDesignName>MundoMascotas</ownerDesignName>
<engineerTo>
<item key="37E94C02-A4B2-5915-BEDD-B1B282A163C0" value="true"/>
</engineerTo>
<pk>true</pk>
<usedAttributes>
<attributeRef>E6F3C977-928D-D46A-4BDC-F942D387D2DC</attributeRef>
</usedAttributes>
</identifier>
</identifiers>
</Entity>