<?xml version = '1.0' encoding = 'UTF-8'?>
<Entity class="oracle.dbtools.crest.model.design.logical.Entity" directorySegmentName="seg_0" id="F9F8878B-4371-6942-CD90-1ADC4460D545" name="DUENIO">
<createdBy>Catalina</createdBy>
<createdTime>2024-09-24 22:11:35 UTC</createdTime>
<ownerDesignName>MundoMascotas</ownerDesignName>
<engineerTo>
<item key="37E94C02-A4B2-5915-BEDD-B1B282A163C0" value="true"/>
</engineerTo>
<adequatelyNormalized>NO</adequatelyNormalized>
<expectedVolumes>0</expectedVolumes>
<fwdEngineeringStrategyName>Single Table</fwdEngineeringStrategyName>
<growthPercent>0</growthPercent>
<growthType>Year</growthType>
<maxVolumes>9999999</maxVolumes>
<minVolumes>0</minVolumes>
<normalForm>Third</normalForm>
<attributes itemClass="oracle.dbtools.crest.model.design.logical.Attribute">
<Attribute name="rut_duenio" id="B8304B59-D7D3-0E60-0383-6D482F70D7F6">
<createdBy>Catalina</createdBy>
<createdTime>2024-09-24 22:11:59 UTC</createdTime>
<ownerDesignName>MundoMascotas</ownerDesignName>
<engineerTo>
<item key="37E94C02-A4B2-5915-BEDD-B1B282A163C0" value="true"/>
</engineerTo>
<use>0</use>
<ownDataTypeParameters>,,</ownDataTypeParameters>
</Attribute>
<Attribute name="dv" id="6ED41D36-60D5-5080-925E-82E66E45CC94">
<createdBy>Catalina</createdBy>
<createdTime>2024-09-24 22:12:01 UTC</createdTime>
<ownerDesignName>MundoMascotas</ownerDesignName>
<engineerTo>
<item key="37E94C02-A4B2-5915-BEDD-B1B282A163C0" value="true"/>
</engineerTo>
<use>0</use>
<ownDataTypeParameters>,,</ownDataTypeParameters>
</Attribute>
<Attribute name="primer_nombre" id="D69376C4-0A18-C5EB-2913-466215F16825">
<createdBy>Catalina</createdBy>
<createdTime>2024-09-24 22:12:08 UTC</createdTime>
<ownerDesignName>MundoMascotas</ownerDesignName>
<engineerTo>
<item key="37E94C02-A4B2-5915-BEDD-B1B282A163C0" value="true"/>
</engineerTo>
<use>0</use>
<ownDataTypeParameters>,,</ownDataTypeParameters>
</Attribute>
<Attribute name="segundo_nombre" id="9ED0F5ED-A842-228C-A3C1-DB781CF30D9E">
<createdBy>Catalina</createdBy>
<createdTime>2024-09-24 22:12:23 UTC</createdTime>
<ownerDesignName>MundoMascotas</ownerDesignName>
<engineerTo>
<item key="37E94C02-A4B2-5915-BEDD-B1B282A163C0" value="true"/>
</engineerTo>
<use>0</use>
<ownDataTypeParameters>,,</ownDataTypeParameters>
</Attribute>
<Attribute name="ap_paterno" id="B755F8FB-FCA4-94EB-58B8-876D8E3A6540">
<createdBy>Catalina</createdBy>
<createdTime>2024-09-24 22:12:28 UTC</createdTime>
<ownerDesignName>MundoMascotas</ownerDesignName>
<engineerTo>
<item key="37E94C02-A4B2-5915-BEDD-B1B282A163C0" value="true"/>
</engineerTo>
<use>0</use>
<ownDataTypeParameters>,,</ownDataTypeParameters>
</Attribute>
<Attribute name="ap_materno" id="BCC79F94-4D98-7304-4A43-388BC81C9E43">
<createdBy>Catalina</createdBy>
<createdTime>2024-09-24 22:12:33 UTC</createdTime>
<ownerDesignName>MundoMascotas</ownerDesignName>
<engineerTo>
<item key="37E94C02-A4B2-5915-BEDD-B1B282A163C0" value="true"/>
</engineerTo>
<use>0</use>
<ownDataTypeParameters>,,</ownDataTypeParameters>
</Attribute>
<Attribute name="direccion" id="E18ACE07-4B07-6052-F9B5-53302B6C1993">
<createdBy>Catalina</createdBy>
<createdTime>2024-09-24 22:12:42 UTC</createdTime>
<ownerDesignName>MundoMascotas</ownerDesignName>
<engineerTo>
<item key="37E94C02-A4B2-5915-BEDD-B1B282A163C0" value="true"/>
</engineerTo>
<use>0</use>
<ownDataTypeParameters>,,</ownDataTypeParameters>
</Attribute>
<Attribute name="codigo_comuna" id="0F1A3888-E742-1943-E817-92F965F70C7B">
<createdBy>Catalina</createdBy>
<createdTime>2024-09-24 22:14:26 UTC</createdTime>
<generatorID>8ED74778-42C8-090E-386D-8387FED94994</generatorID>
<ownerDesignName>MundoMascotas</ownerDesignName>
<engineerTo>
<item key="37E94C02-A4B2-5915-BEDD-B1B282A163C0" value="true"/>
</engineerTo>
<referedAttribute>9DECB972-2631-D7D1-BB08-75291B8E6F0B</referedAttribute>
<use>0</use>
<ownDataTypeParameters>,,</ownDataTypeParameters>
</Attribute>
</attributes>
<identifiers itemClass="oracle.dbtools.crest.model.design.logical.CandidateKey">
<identifier id="7C27E17C-9158-5C18-7DB8-6FA9351E39CC" name="DUENIO PK">
<createdBy>Catalina</createdBy>
<createdTime>2024-09-24 22:13:47 UTC</createdTime>
<ownerDesignName>MundoMascotas</ownerDesignName>
<engineerTo>
<item key="37E94C02-A4B2-5915-BEDD-B1B282A163C0" value="true"/>
</engineerTo>
<pk>true</pk>
<usedAttributes>
<attributeRef>B8304B59-D7D3-0E60-0383-6D482F70D7F6</attributeRef>
</usedAttributes>
</identifier>
</identifiers>
</Entity>