<?xml version = '1.0' encoding = 'UTF-8'?>
<Diagram class="oracle.dbtools.crest.swingui.logical.DPVLogical" name="Logical" id="471B690C-9A62-458E-FDCC-4B2956D2A375">
<createdBy>PAAPCA02LC0907</createdBy>
<modifiedBy>PAAPCA02LC0907</modifiedBy>
<createdTime>2024-09-24 12:36:31 UTC</createdTime>
<autoRoute>false</autoRoute>
<boxInbox>true</boxInbox>
<showLegend>false</showLegend>
<showLabels>false</showLabels>
<showRelAttributes>false</showRelAttributes>
<gridEnabled>false</gridEnabled>
<showGrid>false</showGrid>
<diagramColor>-1</diagramColor>
<display>false</display>
<notation>0</notation>
<objectViews>
<OView class="oracle.dbtools.crest.swingui.logical.TVEntity" oid="27C97134-D7DB-3D52-D825-DE2E61E889F1" otype="Entity" vid="967E4767-A829-B08A-0C17-80D158E1D2F4">
<hideElementsInCurrentOnly>false</hideElementsInCurrentOnly>
<bounds x="440" y="420" width="281" height="149"/>
</OView>
<OView class="oracle.dbtools.crest.swingui.logical.TVEntity" oid="43E03436-0EAB-B636-8185-BB5AB3B90DCB" otype="Entity" vid="862B5092-DBF3-75AF-ED02-8A1FC3146B13">
<hideElementsInCurrentOnly>false</hideElementsInCurrentOnly>
<bounds x="228" y="13" width="154" height="91"/>
</OView>
<OView class="oracle.dbtools.crest.swingui.logical.TVEntity" oid="4C8CD475-034E-656D-47F1-2C1FD9D0FAC8" otype="Entity" vid="CD821419-DEE9-9A1B-9C95-E8E2139277C5">
<hideElementsInCurrentOnly>false</hideElementsInCurrentOnly>
<bounds x="780" y="742" width="148" height="133"/>
</OView>
<OView class="oracle.dbtools.crest.swingui.logical.TVEntity" oid="5D469A26-46DE-D481-368F-C057B617D069" otype="Entity" vid="9C6DB769-ECC6-D208-4892-B80F41F758DE">
<hideElementsInCurrentOnly>false</hideElementsInCurrentOnly>
<bounds x="490" y="193" width="180" height="89"/>
</OView>
<OView class="oracle.dbtools.crest.swingui.logical.TVEntity" oid="61E0E74F-0698-0B57-DDB0-8CDB42173013" otype="Entity" vid="A3275063-60D4-CE20-FB12-683BBF558968">
<hideElementsInCurrentOnly>false</hideElementsInCurrentOnly>
<bounds x="491" y="96" width="164" height="77"/>
</OView>
<OView class="oracle.dbtools.crest.swingui.logical.TVEntity" oid="9D071174-071F-87DD-C470-08B08F6260AC" otype="Entity" vid="A6A9FF45-674A-1892-7DCF-C77EC9D210BC">
<hideElementsInCurrentOnly>false</hideElementsInCurrentOnly>
<bounds x="219" y="129" width="178" height="162"/>
</OView>
<OView class="oracle.dbtools.crest.swingui.logical.TVEntity" oid="A98BAC68-107A-A1AC-D3BD-0E98EDCED2A6" otype="Entity" vid="3CBAFE64-339B-5EAE-B473-CA0D440FAAB8">
<hideElementsInCurrentOnly>false</hideElementsInCurrentOnly>
<bounds x="334" y="328" width="110" height="60"/>
</OView>
<OView class="oracle.dbtools.crest.swingui.logical.TVEntity" oid="AEDCC265-F309-7377-20B6-EB89611DCA39" otype="Entity" vid="67EA84F2-E4BC-6B3E-CAAC-7C2266068A0A">
<hideElementsInCurrentOnly>false</hideElementsInCurrentOnly>
<bounds x="959" y="589" width="159" height="93"/>
</OView>
<OView class="oracle.dbtools.crest.swingui.logical.TVEntity" oid="B5A0F599-0535-3681-8BF9-1B901574C6B8" otype="Entity" vid="AD7A5001-0772-74DF-38E6-29B7496E137E">
<hideElementsInCurrentOnly>false</hideElementsInCurrentOnly>
<bounds x="467" y="588" width="240" height="117"/>
</OView>
<OView class="oracle.dbtools.crest.swingui.logical.TVEntity" oid="CF98C10D-5105-0B6B-4F33-1DAE5328D50C" otype="Entity" vid="C1C583C2-2419-7552-FC5F-AF7C444FB245">
<hideElementsInCurrentOnly>false</hideElementsInCurrentOnly>
<bounds x="484" y="740" width="195" height="65"/>
</OView>
<OView class="oracle.dbtools.crest.swingui.logical.TVEntity" oid="EA536AE7-07B7-B9E3-D503-34CCB3AFA9D9" otype="Entity" vid="BB701437-FB03-6A64-E17A-BC75EC0B6C86">
<hideElementsInCurrentOnly>false</hideElementsInCurrentOnly>
<bounds x="223" y="719" width="157" height="74"/>
</OView>
<OView class="oracle.dbtools.crest.swingui.logical.TVEntity" oid="F79D17C1-DF5B-ECBB-5F5E-DB59F37B19E4" otype="Entity" vid="B00E7699-084B-D8B3-3537-562E4BF7E689">
<hideElementsInCurrentOnly>false</hideElementsInCurrentOnly>
<bounds x="487" y="297" width="179" height="102"/>
</OView>
<OView class="oracle.dbtools.crest.swingui.logical.TVEntity" oid="F9F8878B-4371-6942-CD90-1ADC4460D545" otype="Entity" vid="D7B9C701-113E-5C42-5291-0F0BDC5EACB8">
<hideElementsInCurrentOnly>false</hideElementsInCurrentOnly>
<bounds x="750" y="555" width="172" height="158"/>
</OView>
</objectViews>
<connectors>
<Connector class="oracle.dbtools.crest.swingui.logical.TVRelation" oid="2BA7EDB3-FC14-93CF-7344-D95E653FF437" otype="Relation" vid_source="B00E7699-084B-D8B3-3537-562E4BF7E689" vid_target="967E4767-A829-B08A-0C17-80D158E1D2F4">
<hideElementsInCurrentOnly>false</hideElementsInCurrentOnly>
<backgroundColor>-16777216</backgroundColor>
<lineWidth>1</lineWidth>
<points>
<point x="576" y="399"/>
<point x="576" y="420"/>
</points>
</Connector>
<Connector class="oracle.dbtools.crest.swingui.logical.TVRelation" oid="4C0B27D3-3102-AF56-6661-9C35D2FAC227" otype="Relation" vid_source="BB701437-FB03-6A64-E17A-BC75EC0B6C86" vid_target="C1C583C2-2419-7552-FC5F-AF7C444FB245">
<hideElementsInCurrentOnly>false</hideElementsInCurrentOnly>
<backgroundColor>-16777216</backgroundColor>
<lineWidth>1</lineWidth>
<points>
<point x="380" y="766"/>
<point x="484" y="766"/>
</points>
</Connector>
<Connector class="oracle.dbtools.crest.swingui.logical.TVRelation" oid="8274F083-A2E0-F122-CA5C-C626F581DA90" otype="Relation" vid_source="A6A9FF45-674A-1892-7DCF-C77EC9D210BC" vid_target="862B5092-DBF3-75AF-ED02-8A1FC3146B13">
<hideElementsInCurrentOnly>false</hideElementsInCurrentOnly>
<backgroundColor>-16777216</backgroundColor>
<lineWidth>1</lineWidth>
<points>
<point x="305" y="129"/>
<point x="305" y="104"/>
</points>
</Connector>
<Connector class="oracle.dbtools.crest.swingui.logical.TVRelation" oid="8A73C4B9-F092-DA16-26CB-2CF139DFF189" otype="Relation" vid_source="3CBAFE64-339B-5EAE-B473-CA0D440FAAB8" vid_target="B00E7699-084B-D8B3-3537-562E4BF7E689">
<hideElementsInCurrentOnly>false</hideElementsInCurrentOnly>
<backgroundColor>-16777216</backgroundColor>
<lineWidth>1</lineWidth>
<points>
<point x="444" y="358"/>
<point x="487" y="358"/>
</points>
</Connector>
<Connector class="oracle.dbtools.crest.swingui.logical.TVRelation" oid="8B493E06-EDF2-2574-EF20-A92B9D29F407" otype="Relation" vid_source="A6A9FF45-674A-1892-7DCF-C77EC9D210BC" vid_target="BB701437-FB03-6A64-E17A-BC75EC0B6C86">
<hideElementsInCurrentOnly>false</hideElementsInCurrentOnly>
<backgroundColor>-16777216</backgroundColor>
<lineWidth>1</lineWidth>
<points>
<point x="301" y="291"/>
<point x="301" y="719"/>
</points>
</Connector>
<Connector class="oracle.dbtools.crest.swingui.logical.TVRelation" oid="8B833729-0781-57FF-CD41-0A931658B2BC" otype="Relation" vid_source="D7B9C701-113E-5C42-5291-0F0BDC5EACB8" vid_target="AD7A5001-0772-74DF-38E6-29B7496E137E">
<hideElementsInCurrentOnly>false</hideElementsInCurrentOnly>
<backgroundColor>-16777216</backgroundColor>
<lineWidth>1</lineWidth>
<points>
<point x="750" y="646"/>
<point x="707" y="646"/>
</points>
</Connector>
<Connector class="oracle.dbtools.crest.swingui.logical.TVRelation" oid="8ED74778-42C8-090E-386D-8387FED94994" otype="Relation" vid_source="9C6DB769-ECC6-D208-4892-B80F41F758DE" vid_target="D7B9C701-113E-5C42-5291-0F0BDC5EACB8">
<hideElementsInCurrentOnly>false</hideElementsInCurrentOnly>
<backgroundColor>-16777216</backgroundColor>
<lineWidth>1</lineWidth>
<points>
<point x="670" y="238"/>
<point x="828" y="238"/>
<point x="828" y="555"/>
</points>
</Connector>
<Connector class="oracle.dbtools.crest.swingui.logical.TVRelation" oid="8F604EDE-20F8-050B-A79A-A3EB993F53FF" otype="Relation" vid_source="AD7A5001-0772-74DF-38E6-29B7496E137E" vid_target="967E4767-A829-B08A-0C17-80D158E1D2F4">
<hideElementsInCurrentOnly>false</hideElementsInCurrentOnly>
<backgroundColor>-16777216</backgroundColor>
<lineWidth>1</lineWidth>
<points>
<point x="602" y="588"/>
<point x="602" y="569"/>
</points>
</Connector>
<Connector class="oracle.dbtools.crest.swingui.logical.TVRelation" oid="948BFFE4-DD25-63F8-FB51-171DD40F7DD4" otype="Relation" vid_source="B00E7699-084B-D8B3-3537-562E4BF7E689" vid_target="A6A9FF45-674A-1892-7DCF-C77EC9D210BC">
<hideElementsInCurrentOnly>false</hideElementsInCurrentOnly>
<backgroundColor>-16777216</backgroundColor>
<lineWidth>1</lineWidth>
<points>
<point x="487" y="302"/>
<point x="397" y="255"/>
</points>
</Connector>
<Connector class="oracle.dbtools.crest.swingui.logical.TVRelation" oid="A6D1DC74-8607-26EC-667B-89D66DB67836" otype="Relation" vid_source="9C6DB769-ECC6-D208-4892-B80F41F758DE" vid_target="B00E7699-084B-D8B3-3537-562E4BF7E689">
<hideElementsInCurrentOnly>false</hideElementsInCurrentOnly>
<backgroundColor>-16777216</backgroundColor>
<lineWidth>1</lineWidth>
<points>
<point x="578" y="282"/>
<point x="578" y="297"/>
</points>
</Connector>
<Connector class="oracle.dbtools.crest.swingui.logical.TVRelation" oid="BCCD2D46-FBFE-D59E-E321-DC7E0617C5D7" otype="Relation" vid_source="D7B9C701-113E-5C42-5291-0F0BDC5EACB8" vid_target="CD821419-DEE9-9A1B-9C95-E8E2139277C5">
<hideElementsInCurrentOnly>false</hideElementsInCurrentOnly>
<backgroundColor>-16777216</backgroundColor>
<lineWidth>1</lineWidth>
<points>
<point x="851" y="713"/>
<point x="851" y="742"/>
</points>
</Connector>
<Connector class="oracle.dbtools.crest.swingui.logical.TVRelation" oid="EC06B46A-C725-269B-0565-04B2A4CA8D50" otype="Relation" vid_source="D7B9C701-113E-5C42-5291-0F0BDC5EACB8" vid_target="67EA84F2-E4BC-6B3E-CAAC-7C2266068A0A">
<hideElementsInCurrentOnly>false</hideElementsInCurrentOnly>
<backgroundColor>-16777216</backgroundColor>
<lineWidth>1</lineWidth>
<points>
<point x="922" y="635"/>
<point x="959" y="635"/>
</points>
</Connector>
<Connector class="oracle.dbtools.crest.swingui.logical.TVRelation" oid="F58A8317-934F-5035-0B55-B89EFD8D7E93" otype="Relation" vid_source="A3275063-60D4-CE20-FB12-683BBF558968" vid_target="9C6DB769-ECC6-D208-4892-B80F41F758DE">
<hideElementsInCurrentOnly>false</hideElementsInCurrentOnly>
<backgroundColor>-16777216</backgroundColor>
<lineWidth>1</lineWidth>
<points>
<point x="573" y="173"/>
<point x="573" y="193"/>
</points>
</Connector>
<Connector class="oracle.dbtools.crest.swingui.logical.TVRelation" oid="F68A5DA4-423C-AFF4-8CA7-738A40778BC7" otype="Relation" vid_source="C1C583C2-2419-7552-FC5F-AF7C444FB245" vid_target="AD7A5001-0772-74DF-38E6-29B7496E137E">
<hideElementsInCurrentOnly>false</hideElementsInCurrentOnly>
<backgroundColor>-16777216</backgroundColor>
<lineWidth>1</lineWidth>
<points>
<point x="581" y="740"/>
<point x="581" y="705"/>
</points>
</Connector>
<Connector class="oracle.dbtools.crest.swingui.logical.TVRelation" oid="F7E3A539-B3A8-7838-944F-A437241631A5" otype="Relation" vid_source="A6A9FF45-674A-1892-7DCF-C77EC9D210BC" vid_target="3CBAFE64-339B-5EAE-B473-CA0D440FAAB8">
<hideElementsInCurrentOnly>false</hideElementsInCurrentOnly>
<backgroundColor>-16777216</backgroundColor>
<lineWidth>1</lineWidth>
<points>
<point x="365" y="291"/>
<point x="365" y="328"/>
</points>
</Connector>
</connectors>
<arcs>
<Arc class="oracle.dbtools.crest.swingui.logical.TVArc" oid="D719F91E-F8C0-73E3-FE63-103ED9EFFA73" otype="Arc" vid="D8450A8D-FCC3-F0DD-7C2B-A3A0433F6EB6">
<hideElementsInCurrentOnly>false</hideElementsInCurrentOnly>
<bounds x="199" y="109" width="218" height="202"/>
</Arc>
</arcs>
</Diagram>