<?xml version = '1.0' encoding = 'UTF-8'?>
<Arc class="oracle.dbtools.crest.model.design.logical.Arc" directorySegmentName="seg_0" id="D719F91E-F8C0-73E3-FE63-103ED9EFFA73" name="Arc_2">
<createdBy>Catalina</createdBy>
<createdTime>2024-09-24 22:40:37 UTC</createdTime>
<ownerDesignName>MundoMascotas</ownerDesignName>
<engineerTo>
<item key="37E94C02-A4B2-5915-BEDD-B1B282A163C0" value="true"/>
</engineerTo>
<entity>9D071174-071F-87DD-C470-08B08F6260AC</entity>
<relations>
<relationID>8B493E06-EDF2-2574-EF20-A92B9D29F407</relationID>
<relationID>F7E3A539-B3A8-7838-944F-A437241631A5</relationID>
</relations>
</Arc>