<?xml version = '1.0' encoding = 'UTF-8'?>
<relationalModel class="oracle.dbtools.crest.model.design.relational.RelationalDesign" name="Relational_1" id="37E94C02-A4B2-5915-BEDD-B1B282A163C0" mainViewID="687B135F-D421-5EBE-4BAE-0352D3566614">
<createdBy>PAAPCA02LC0907</createdBy>
<createdTime>2024-09-24 12:36:15 UTC</createdTime>
<ownerDesignName>ejersisio</ownerDesignName>
<shouldBeOpen>true</shouldBeOpen>
<selectedRDBMSSite>32076570-2523-435C-2E92-BF29817DFF70</selectedRDBMSSite>
</relationalModel>